{"iteration": 19, "lr": 1.9981e-05, "total_loss": 190.6327896118164}
{"iteration": 39, "lr": 3.996099999999999e-05, "total_loss": 153.86143493652344}
{"iteration": 59, "lr": 5.9940999999999994e-05, "total_loss": 135.08648681640625}
{"iteration": 79, "lr": 7.992100000000001e-05, "total_loss": 113.57236862182617}
{"iteration": 99, "lr": 9.9901e-05, "total_loss": 109.86975860595703}
{"iteration": 119, "lr": 0.00011988100000000001, "total_loss": 116.71897506713867}
{"iteration": 139, "lr": 0.000139861, "total_loss": 201.84226989746094}
{"iteration": 159, "lr": 0.000159841, "total_loss": 133.51634216308594}
{"iteration": 19, "lr": 1.9981e-05, "total_loss": 453.8104705810547}
{"iteration": 39, "lr": 3.996099999999999e-05, "total_loss": 343.7183837890625}
{"iteration": 59, "lr": 5.9940999999999994e-05, "total_loss": 251.57376098632812}
{"iteration": 79, "lr": 7.992100000000001e-05, "total_loss": 190.7276611328125}
{"iteration": 99, "lr": 9.9901e-05, "total_loss": 152.0384750366211}
{"iteration": 119, "lr": 0.00011988100000000001, "total_loss": 154.42668914794922}
{"iteration": 139, "lr": 0.000139861, "total_loss": 159.88077545166016}
{"iteration": 159, "lr": 0.000159841, "total_loss": 177.24063873291016}
{"iteration": 179, "lr": 0.00017982099999999998, "total_loss": 163.58607482910156}
{"iteration": 199, "lr": 0.00019980100000000002, "total_loss": 145.20919799804688}
{"iteration": 219, "lr": 0.00021978099999999997, "total_loss": 138.82360076904297}
{"iteration": 239, "lr": 0.000239761, "total_loss": 145.57036590576172}
{"iteration": 259, "lr": 0.00025974099999999996, "total_loss": 159.84947204589844}
{"iteration": 279, "lr": 0.00027972100000000003, "total_loss": 182.94474029541016}
{"iteration": 299, "lr": 0.000299701, "total_loss": 144.45450592041016}
{"iteration": 19, "lr": 1.9981e-05, "total_loss": 985.8505249023438}
{"iteration": 39, "lr": 3.996099999999999e-05, "total_loss": 907.8539428710938}
{"iteration": 59, "lr": 5.9940999999999994e-05, "total_loss": 888.362060546875}
{"iteration": 79, "lr": 7.992100000000001e-05, "total_loss": 865.3605346679688}
{"iteration": 99, "lr": 9.9901e-05, "total_loss": 808.3283081054688}
{"iteration": 119, "lr": 0.00011988100000000001, "total_loss": 942.4144592285156}
{"iteration": 139, "lr": 0.000139861, "total_loss": 792.251708984375}
{"iteration": 19, "lr": 1.9981e-05, "total_loss": 57.93022155761719}
{"iteration": 39, "lr": 3.996099999999999e-05, "total_loss": 51.701887130737305}
{"iteration": 59, "lr": 5.9940999999999994e-05, "total_loss": 52.79730987548828}
{"iteration": 79, "lr": 7.992100000000001e-05, "total_loss": 48.94978713989258}
{"iteration": 99, "lr": 9.9901e-05, "total_loss": 46.8664493560791}
{"iteration": 19, "lr": 1.9981e-05, "total_loss": 7.705090045928955}
{"iteration": 39, "lr": 3.996099999999999e-05, "total_loss": 5.777082204818726}
{"iteration": 59, "lr": 5.9940999999999994e-05, "total_loss": 5.163969993591309}
{"iteration": 79, "lr": 7.992100000000001e-05, "total_loss": 4.91498064994812}
{"iteration": 99, "lr": 9.9901e-05, "total_loss": 4.147695541381836}
{"iteration": 119, "lr": 0.00011988100000000001, "total_loss": 5.034341096878052}
{"iteration": 139, "lr": 0.000139861, "total_loss": 4.676895618438721}
{"iteration": 159, "lr": 0.000159841, "total_loss": 5.085402011871338}
{"iteration": 179, "lr": 0.00017982099999999998, "total_loss": 4.318903684616089}
{"iteration": 199, "lr": 0.00019980100000000002, "total_loss": 4.4754838943481445}
{"iteration": 219, "lr": 0.00021978099999999997, "total_loss": 5.006869792938232}
{"iteration": 239, "lr": 0.000239761, "total_loss": 4.559322834014893}
{"iteration": 259, "lr": 0.00025974099999999996, "total_loss": 4.902979135513306}
{"iteration": 279, "lr": 0.00027972100000000003, "total_loss": 4.967770099639893}
{"iteration": 299, "lr": 0.000299701, "total_loss": 4.174923419952393}
{"iteration": 319, "lr": 0.00031968099999999994, "total_loss": 4.293089151382446}
{"iteration": 339, "lr": 0.000339661, "total_loss": 4.921307325363159}
{"iteration": 359, "lr": 0.000359641, "total_loss": 5.206811428070068}
{"iteration": 379, "lr": 0.000379621, "total_loss": 4.427778959274292}
{"iteration": 399, "lr": 0.00039960099999999997, "total_loss": 4.558869361877441}
{"iteration": 419, "lr": 0.000419581, "total_loss": 4.534701108932495}
{"iteration": 439, "lr": 0.000439561, "total_loss": 4.9517645835876465}
{"iteration": 459, "lr": 0.00045954100000000005, "total_loss": 3.720043897628784}
{"iteration": 479, "lr": 0.000479521, "total_loss": 4.4325268268585205}
{"iteration": 499, "lr": 0.000499501, "total_loss": 4.53281831741333}
{"iteration": 519, "lr": 0.000519481, "total_loss": 5.073025941848755}
{"iteration": 539, "lr": 0.0005394610000000001, "total_loss": 4.0157811641693115}
{"iteration": 559, "lr": 0.0005594409999999999, "total_loss": 5.372522354125977}
{"iteration": 579, "lr": 0.000579421, "total_loss": 4.54894232749939}
{"iteration": 599, "lr": 0.000599401, "total_loss": 4.977061986923218}
{"iteration": 619, "lr": 0.0006193809999999999, "total_loss": 4.757140159606934}
{"iteration": 639, "lr": 0.0006393609999999999, "total_loss": 3.887276291847229}
{"iteration": 659, "lr": 0.0006593409999999999, "total_loss": 4.348829746246338}
{"iteration": 679, "lr": 0.000679321, "total_loss": 5.323015928268433}
{"iteration": 699, "lr": 0.0006993009999999999, "total_loss": 4.846898317337036}
{"iteration": 719, "lr": 0.000719281, "total_loss": 5.070194482803345}
{"iteration": 739, "lr": 0.0007392609999999998, "total_loss": 4.872680902481079}
{"iteration": 759, "lr": 0.0007592409999999999, "total_loss": 4.931751728057861}
{"iteration": 779, "lr": 0.000779221, "total_loss": 4.9740705490112305}
{"iteration": 799, "lr": 0.0007992009999999999, "total_loss": 5.6007726192474365}
{"iteration": 819, "lr": 0.000819181, "total_loss": 4.700446367263794}
{"iteration": 839, "lr": 0.0008391609999999999, "total_loss": 4.359073877334595}
