{"box_data": [{"position": {"minX": 0.3984375, "minY": 0.0637982189655304, "maxX": 0.41093748807907104, "maxY": 0.10979229211807251}, "class_id": 1, "scores": {}, "box_caption": "testing"}, {"position": {"minX": 0.38593751192092896, "minY": 0.02373887598514557, "maxX": 0.3984375, "maxY": 0.0637982189655304}, "class_id": 1, "scores": {}, "box_caption": "testing"}, {"position": {"minX": 0.3343749940395355, "minY": 0.07121661305427551, "maxX": 0.36249998211860657, "maxY": 0.08605341613292694}, "class_id": 1, "scores": {}, "box_caption": "testing"}, {"position": {"minX": 0.96875, "minY": 0.21364985406398773, "maxX": 1.0, "maxY": 0.231453999876976}, "class_id": 1, "scores": {}, "box_caption": "testing"}]}