{"box_data": [{"position": {"minX": 0.2758152186870575, "minY": 0.95652174949646, "maxX": 0.30434784293174744, "maxY": 0.9972826242446899}, "class_id": 1, "scores": {}, "box_caption": "testing"}, {"position": {"minX": 0.012228259816765785, "minY": 0.8804348111152649, "maxX": 0.057065218687057495, "maxY": 0.9239130616188049}, "class_id": 1, "scores": {}, "box_caption": "testing"}]}