{"box_data": [{"position": {"minX": 0.7159090638160706, "minY": 0.5980113744735718, "maxX": 0.7372159361839294, "maxY": 0.6221591234207153}, "class_id": 1, "scores": {}, "box_caption": "testing"}, {"position": {"minX": 0.0014204531908035278, "minY": 0.8877841234207153, "maxX": 0.04261363670229912, "maxY": 0.9105113744735718}, "class_id": 1, "scores": {}, "box_caption": "testing"}]}