{"box_data": [{"position": {"minX": 0.2431318759918213, "minY": 0.2286931872367859, "maxX": 0.2719780206680298, "maxY": 0.27414774894714355}, "class_id": 1, "scores": {}, "box_caption": "testing"}, {"position": {"minX": 0.25961539149284363, "minY": 0.6107954382896423, "maxX": 0.267857164144516, "maxY": 0.6477273106575012}, "class_id": 1, "scores": {}, "box_caption": "testing"}, {"position": {"minX": 0.057692307978868484, "minY": 0.14488637447357178, "maxX": 0.08379121124744415, "maxY": 0.19034090638160706}, "class_id": 1, "scores": {}, "box_caption": "testing"}, {"position": {"minX": 0.41208791732788086, "minY": 0.5042613744735718, "maxX": 0.4436812996864319, "maxY": 0.5269886255264282}, "class_id": 1, "scores": {}, "box_caption": "testing"}]}