{"box_data": [{"position": {"minX": 0.3290441036224365, "minY": 0.8547794222831726, "maxX": 0.3547794222831726, "maxY": 0.8658087849617004}, "class_id": 1, "scores": {}, "box_caption": "testing"}, {"position": {"minX": 0.44117647409439087, "minY": 0.29411762952804565, "maxX": 0.48713237047195435, "maxY": 0.3014705777168274}, "class_id": 1, "scores": {}, "box_caption": "testing"}]}