{"box_data": [{"position": {"minX": 0.74609375, "minY": 0.615234375, "maxX": 0.78515625, "maxY": 0.658203125}, "class_id": 1, "scores": {}, "box_caption": "testing"}, {"position": {"minX": 0.392578125, "minY": 0.314453125, "maxX": 0.416015625, "maxY": 0.361328125}, "class_id": 1, "scores": {}, "box_caption": "testing"}, {"position": {"minX": 0.0703125, "minY": 0.509765625, "maxX": 0.109375, "maxY": 0.51953125}, "class_id": 1, "scores": {}, "box_caption": "testing"}]}