{"box_data": [{"position": {"minX": 0.7171874642372131, "minY": 0.598437488079071, "maxX": 0.737500011920929, "maxY": 0.6234374642372131}, "class_id": 1, "scores": {}, "box_caption": "testing"}, {"position": {"minX": 0.0015624985098838806, "minY": 0.8890624642372131, "maxX": 0.04375000298023224, "maxY": 0.910937488079071}, "class_id": 1, "scores": {}, "box_caption": "testing"}]}