{"box_data": [{"position": {"minX": 0.1962616741657257, "minY": 0.6187499761581421, "maxX": 0.23831775784492493, "maxY": 0.6625000238418579}, "class_id": 1, "scores": {}, "box_caption": "testing"}, {"position": {"minX": 0.5763239860534668, "minY": 0.3109375238418579, "maxX": 0.5996885299682617, "maxY": 0.359375}, "class_id": 1, "scores": {}, "box_caption": "testing"}, {"position": {"minX": 0.8894080519676208, "minY": 0.510937511920929, "maxX": 0.9299065470695496, "maxY": 0.520312488079071}, "class_id": 1, "scores": {}, "box_caption": "testing"}]}