{"box_data": [{"position": {"minX": 0.9666666984558105, "minY": 0.23196882009506226, "maxX": 1.0, "maxY": 0.28265106678009033}, "class_id": 1, "scores": {}, "box_caption": "testing"}, {"position": {"minX": 0.9729166626930237, "minY": 0.6666666865348816, "maxX": 0.9833332896232605, "maxY": 0.707602322101593}, "class_id": 1, "scores": {}, "box_caption": "testing"}, {"position": {"minX": 0.75, "minY": 0.5458089709281921, "maxX": 0.7916666269302368, "maxY": 0.5692008137702942}, "class_id": 1, "scores": {}, "box_caption": "testing"}]}