{"box_data": [{"position": {"minX": 0.3872282803058624, "minY": 0.7214673757553101, "maxX": 0.4116847813129425, "maxY": 0.75}, "class_id": 1, "scores": {}, "box_caption": "testing"}, {"position": {"minX": 0.782608687877655, "minY": 0.2540760934352875, "maxX": 0.8152174353599548, "maxY": 0.2771739065647125}, "class_id": 1, "scores": {}, "box_caption": "testing"}, {"position": {"minX": 0.7214674353599548, "minY": 0.782608687877655, "maxX": 0.729619562625885, "maxY": 0.823369562625885}, "class_id": 1, "scores": {}, "box_caption": "testing"}, {"position": {"minX": 0.33016306161880493, "minY": 0.20923912525177002, "maxX": 0.37635868787765503, "maxY": 0.23777174949645996}, "class_id": 1, "scores": {}, "box_caption": "testing"}]}